<mxGraphModel>
  <root>
    <mxCell id="0"/>
    <mxCell id="1" parent="0"/>
    <mxCell id="2" value="" style="whiteSpace=wrap;html=1;aspect=fixed;" vertex="1" parent="1">
      <mxGeometry x="330" y="120" width="80" height="80" as="geometry"/>
    </mxCell>
    <mxCell id="3" value="Text" style="text;html=1;strokeColor=none;fillColor=none;align=center;verticalAlign=middle;whiteSpace=wrap;rounded=0;" vertex="1" parent="1">
      <mxGeometry x="140" y="90" width="40" height="20" as="geometry"/>
    </mxCell>
    <mxCell id="4" value="&lt;h1&gt;Heading&lt;/h1&gt;&lt;p&gt;Lorem ipsum dolor sit amet, consectetur adipisicing elit, sed do eiusmod tempor incididunt ut labore et dolore magna aliqua.&lt;/p&gt;" style="text;html=1;strokeColor=none;fillColor=none;spacing=5;spacingTop=-20;whiteSpace=wrap;overflow=hidden;rounded=0;" vertex="1" parent="1">
      <mxGeometry x="223" y="270" width="190" height="120" as="geometry"/>
    </mxCell>
  </root>
</mxGraphModel>
