
{
    "region" : "us-east-1",
    "configuration" : "Debug",
    "framework"     : "netcoreapp3.1",
    "self-contained" : false,
    "application"    : "SmartAdminSeed",
    "environment"    : "SmartAdminSeed-prod",
    "enable-xray"    : false,
    "enhanced-health-type" : "basic",
    "additional-options"   : "\"aws:autoscaling:launchconfiguration,SecurityGroups\"=\"sg-b0ab88aa\";\"aws:ec2:vpc,Subnets\"=\"subnet-b0858dbe\"",
    "solution-stack"       : "64bit Windows Server Core 2019 v2.6.7 running IIS 10.0",
    "environment-type"     : "SingleInstance",
    "cname"                : "smartadminseed-prod",
    "instance-type"        : "t2.micro",
    "key-pair"             : "",
    "instance-profile"     : "aws-elasticbeanstalk-ec2-role",
    "service-role"         : "aws-elasticbeanstalk-service-role",
    "proxy-server"         : "none",
    "profile"              : "default",
    "health-check-url"     : "/",
    "iis-website"          : "Default Web Site",
    "app-path"             : "/"
}