﻿<?xml version="1.0" encoding="utf-8"?><mxGraphModel dx="287" dy="415" grid="1" gridSize="10" guides="1" tooltips="1" connect="1" arrows="1" fold="1" page="1" pageScale="1" pageWidth="850" pageHeight="1100"><root><mxCell id="0"/><mxCell id="1" parent="0"/><mxCell id="2" value="" style="whiteSpace=wrap;html=1;aspect=fixed;" vertex="1" parent="1"><mxGeometry x="170" y="100" width="80" height="80" as="geometry"/></mxCell><mxCell id="3" value="Text" style="text;html=1;strokeColor=none;fillColor=none;align=center;verticalAlign=middle;whiteSpace=wrap;rounded=0;" vertex="1" parent="1"><mxGeometry x="70" y="90" width="40" height="20" as="geometry"/></mxCell><mxCell id="4" value="" style="rhombus;whiteSpace=wrap;html=1;" vertex="1" parent="1"><mxGeometry x="70" y="260" width="80" height="80" as="geometry"/></mxCell></root></mxGraphModel>